ef0419257cfbfc27682f8a8205340813bef1fa0d;36688f35294601d1b71f13883aea5ea920aa9e2c
36688f35294601d1b71f13883aea5ea920aa9e2c;b267953d4c35d6ec3de0c6093975694f5acb9eda
b267953d4c35d6ec3de0c6093975694f5acb9eda;ced76dc6cf5306f7ad3c1bbdf29b50277e300f25
ced76dc6cf5306f7ad3c1bbdf29b50277e300f25;901205446b4a0485ec1f16fbd8efba0d1d4e2b60
901205446b4a0485ec1f16fbd8efba0d1d4e2b60;8c41eb78e2bcbd73fab025896e292752adea11ec
8c41eb78e2bcbd73fab025896e292752adea11ec;118e0f18517ef1b5cab7b1f8955a2fa31155e6cb
118e0f18517ef1b5cab7b1f8955a2fa31155e6cb;7b0be38d2d06be8878e7d6d53bb1e74dba86b800
7b0be38d2d06be8878e7d6d53bb1e74dba86b800;60bf462e24c65afde20702044e65c61d9d66286f
60bf462e24c65afde20702044e65c61d9d66286f;ce1c9f56dcc777c5f5f63140cf9e78748b11359e
ce1c9f56dcc777c5f5f63140cf9e78748b11359e;28490d7e6a45187d63e638146a4585ad5a0ee8da
28490d7e6a45187d63e638146a4585ad5a0ee8da;6f852124e1bab7457eeac2db00a0ed74e263468b
6f852124e1bab7457eeac2db00a0ed74e263468b;54664983083d4e8e56b4d886357fafad117d709b
54664983083d4e8e56b4d886357fafad117d709b;efe4ab822650109e2be95ecebcdcb16109242b9a
efe4ab822650109e2be95ecebcdcb16109242b9a;94cd833b9bcb42ab43682fe0804dd6f053fdf9e2
94cd833b9bcb42ab43682fe0804dd6f053fdf9e2;a1c55c8d7bcdce252dc09b254d9aa80ad84298ef
a1c55c8d7bcdce252dc09b254d9aa80ad84298ef;5065759141deaaccf4a5fb15e617d134855ab628
5065759141deaaccf4a5fb15e617d134855ab628;66e553e22a97ff82d0fdc77c3650289784d8a0a9 2d037467fdca8d1c842b25f289c4829ac843343d
2d037467fdca8d1c842b25f289c4829ac843343d;65f036cec927c8307e093077c9ab458f7064923b
65f036cec927c8307e093077c9ab458f7064923b;66e553e22a97ff82d0fdc77c3650289784d8a0a9
66e553e22a97ff82d0fdc77c3650289784d8a0a9;363088996ee93385d497b43db872455611dfffdb
363088996ee93385d497b43db872455611dfffdb;282970a99de0b7db1374c05b2b0e1c86c629e3ff
282970a99de0b7db1374c05b2b0e1c86c629e3ff;76397996707abedd4ad93d26069c1bbb9fa47cfe
76397996707abedd4ad93d26069c1bbb9fa47cfe;1869106866c67c1f3dcc5c1b9e46b3822c5ed799
1869106866c67c1f3dcc5c1b9e46b3822c5ed799;fa1cd5ffaefff198f926b7a3d0bdfa80c08ba089
fa1cd5ffaefff198f926b7a3d0bdfa80c08ba089;a98fcf6a4e0c959edaf17ad2a10c66f549b905f3
a98fcf6a4e0c959edaf17ad2a10c66f549b905f3;69e8017e717a72e0a2553429f6f6a3cffaaa6936
69e8017e717a72e0a2553429f6f6a3cffaaa6936;6b000e825d1f78f69348ed6c8a8f35f0ebcf0066
6b000e825d1f78f69348ed6c8a8f35f0ebcf0066;90e03c0f26c610b07878c883b44f9015f73f2c6a
90e03c0f26c610b07878c883b44f9015f73f2c6a;230886ea05b8c045afe77a56b2e1e145bf8a00c5
230886ea05b8c045afe77a56b2e1e145bf8a00c5;b2ece6e188d66669fe58505f85eb7918be3a1abb
b2ece6e188d66669fe58505f85eb7918be3a1abb;726cda7c3f46c330c514eb5920ab60491d40b6e4
726cda7c3f46c330c514eb5920ab60491d40b6e4;f091ee647520d968fd916fd58a036cafacaaf1fc
f091ee647520d968fd916fd58a036cafacaaf1fc;460336a45db0816e77b9a5d56ae8456c2277eb11
460336a45db0816e77b9a5d56ae8456c2277eb11;39b0b0bdab1d4fc8a1d0c8042284dbdb9826b29f
39b0b0bdab1d4fc8a1d0c8042284dbdb9826b29f;91ce0bbc92f2ec8f2714568f928e200683d67b8f
91ce0bbc92f2ec8f2714568f928e200683d67b8f;d3476a95169958703f32bbc7e54fe21617c145af
d3476a95169958703f32bbc7e54fe21617c145af;89e09e574e9432a8df844e5c8b47105606d2a697
89e09e574e9432a8df844e5c8b47105606d2a697;146f55d6de7cb5a34e082cd80d3951c7eca416b9
146f55d6de7cb5a34e082cd80d3951c7eca416b9;65b3eede043ff5d4718724d220a82bbc8adc3280
